ID,Proceso,Sub proceso,Funcionalidad,Descripción del Riesgo,Consecuencia del Riesgo,Probabilidad,Impacto,Tratamiento,Estrategia,Plan de Acción,Estado,Comentarios
R-01,Acceso al Sistema,Validación de documento de identidad,Validar DNI o Carné de Extranjería,El servicio de validación de identidad no está disponible o responde con errores,El usuario no puede acceder al registro ni a la predicción,Media,Alto,Mitigar,Planificar respuesta en el presente sprint,Implementar manejo de errores reintentos controlados monitoreo y una alternativa de contingencia,Abierto,Verificar disponibilidad y límites del servicio de validación
R-02,Gestión de Usuarios,Consentimiento para tratamiento de datos,Registrar consentimiento informado,El sistema permite avanzar sin consentimiento explícito o no conserva evidencia del consentimiento,Se incumple la Ley N° 29733 y aumenta el riesgo legal y reputacional,Media,Alto,Mitigar,Planificar respuesta en el presente sprint,Bloquear el avance sin aceptación y registrar fecha versión del aviso y evidencia auditable,Abierto,Requiere revisión funcional y legal
R-03,Gestión de Usuarios,Protección de información personal,Proteger datos personales,Una vulnerabilidad permite el acceso no autorizado a los datos de los usuarios,Se expone información personal y pueden ocurrir incidentes de seguridad y sanciones,Baja,Alto,Mitigar,Considerar respuesta para el siguiente sprint,Aplicar control de acceso cifrado gestión segura de secretos auditoría y pruebas de seguridad,Abierto,Incluir revisión de seguridad antes de producción
R-04,Análisis de Activos,Ingreso de descripción por voz,Convertir voz a texto,El reconocimiento de voz transcribe incorrectamente la descripción,La predicción se basa en información alterada y el resultado puede ser incorrecto,Media,Medio,Mitigar,Considerar respuesta para el siguiente sprint,Mostrar la transcripción para confirmación permitir edición y registrar errores de conversión,Abierto,Validar acentos términos técnicos y ruido de fondo
R-05,Análisis de Activos,Ingreso de descripción por PDF,Procesar documento PDF,El PDF está dañado protegido con contraseña o contiene texto no extraíble,La descripción no puede ser analizada y el usuario debe repetir el ingreso,Media,Medio,Mitigar,Considerar respuesta para el siguiente sprint,Validar formato tamaño y contenido informar la causa del rechazo y ofrecer ingreso por texto,Abierto,Definir límites de carga y tipos de PDF aceptados
R-06,Análisis de Activos,Servicio de inteligencia artificial generativa,Identificar materia patentable,El proveedor de IA no está disponible cambia su API o modifica sus condiciones de servicio,La predicción se interrumpe y pueden requerirse cambios urgentes en la solución,Media,Alto,Mitigar,Planificar respuesta en el presente sprint,Implementar una capa de integración agnóstica timeouts monitoreo y un proveedor alternativo evaluado,Abierto,Verificar capacidad contratada para un año
R-07,Análisis de Activos,Clasificación de materia protegible,Recomendar modalidad de protección,El sistema recomienda una modalidad de protección que no corresponde a la creación,El usuario inicia una ruta de registro inadecuada o pierde tiempo y recursos,Media,Alto,Mitigar,Planificar respuesta en el presente sprint,Mostrar nivel de confianza fundamentos de la recomendación y enlaces a orientación oficial,Abierto,Validar categorías con especialistas en propiedad intelectual
R-08,Análisis de Activos,Generación de reporte,Emitir reporte de diagnóstico,El reporte se genera con información incompleta inconsistente o sin el disclaimer obligatorio,El usuario recibe una orientación incompleta y puede interpretar el resultado como una decisión oficial,Media,Medio,Mitigar,Considerar respuesta para el siguiente sprint,Definir plantilla obligatoria validar campos antes de emitir e incluir el disclaimer visible,Abierto,La herramienta es orientativa y no reemplaza al examinador
R-09,Gestión Administrativa,Descarga del registro de predicciones,Exportar registro a Excel,La exportación incluye datos incorrectos o expone información a usuarios no autorizados,Se toman decisiones con información errónea o se produce una fuga de datos,Media,Alto,Mitigar,Planificar respuesta en el presente sprint,Restringir permisos validar filtros sanitizar exportaciones y registrar cada descarga,Abierto,Revisar las columnas permitidas en el archivo
